"id","sku","name","uom","units_per_uom","category","jhi_cost","tags"
"10160","10160","Shear Disc - Grindmaster Grinder 2 Pack","Each","1","Retail Equipment","NULL","grinder, disc"
"10487","10487","Pastry Server 11"" S/S","Each","1","Retail Equipment","NULL","pastry, server"
"10508","10508","Dennison Price Gun","Each","1","Supplies","61.58000183105469","NULL"
"10527","10527","Coffee Scoop For Scales - Plastic","Each","1","Retail Equipment","27.049999237060547","coffee, scoop, scale"
"10534","10534","Label Milk - Non Fat (100/Roll)","Roll","1","Supplies","1.4500000476837158","sticker, dairy"
"10535","10535","Label Milk - Half and Half (100/Roll)","Roll","1","Supplies","1.4500000476837158","sticker, dairy"
"10536","10536","Label Milk - 2% (100/Roll)","Roll","1","Supplies","1.4500000476837158","sticker, dairy"
"10537","10537","Label Milk - Whole (100/Roll)","Roll","1","Supplies","1.4500000476837158","sticker, dairy"
"10634","10634","Label Starbucks Logo - Large 3IN (500/Roll)","Roll","1","Paper/Packaging","5.690000057220459","label, logo, sticker"
"10653","10653","Batteries - Mini-Alarm Timer","Bag","6","Supplies","0.7699999809265137","NULL"
"10824","10824","Sprayhead Colombia Shuttle","Each","1","Retail Equipment","NULL","shuttle, sprayhead"
"10850","10850","Label Starbucks Logo - Small 1"" (500/Roll)","Roll","1","Paper/Packaging","2.799999952316284","label, logo, sticker"
"11010","11010","Filters CF Brewer CS/1000","Case","1","Supplies","NULL","NULL"
"11055","11055","Serving Spoon - Stainless Steel","Each","1","Retail Equipment","1.4800000190734863","serving, spoon"
"11063","11063","Dennison Price Gun Labels - White","Each","1","Supplies","0.8399999737739563","NULL"
"11064","11064","SmallWare - Timer","Each","1","Retail Equipment","4.739999771118164","smallware, timer"
"11184","11184","Smallware - Spare Part - Steel Ball For Mocha Pump Hot","Each","1","Retail Equipment","NULL","ball, marble, steel"
"100396","100396","Plexi Brochure Holder - 3.75IN X 8.5IN","Each","1","Retail Equipment","2.0999999046325684","plexi, holder, "
"101091","101091","Dennison Price Gun Ink Roller","Each","1","Retail Equipment","NULL","price, sticker, gun"
"102595","102595","Plexi Window Sign Holder 8.5"" X 11""","Each","1","Retail Equipment","2.2699999809265137","window"
"103242","103242","Plexi Cube 5.5IN X 5.5IN","Each","1","Retail Equipment","2.3499999046325684","NULL"
"110638","110638","Label - Soy (100/Roll)","Roll","1","Supplies","1.4500000476837158","sticker, dairy"
"110818","110818","Eco Pack (Filter For Baskets) (10 LB Box)","Box","1","Supplies","9.130000114440918","NULL"
"111435","111435","Till Tags - Register Drop/Box Name Tags","Inner Pack","50","Supplies","2.0999999046325684","NULL"
"111932","111932","Pump Collar (15ML) (2 Pack)","Each ","1","Retail Equipment","NULL","pump, collar"
"113593","113593","Label ""NO $20""","Bundle","10","Supplies","NULL","NULL"
"114169","114169","Filter 18X7 Bunn TU-3 CS/500","Case","1","Supplies","NULL","NULL"
"115575","115575","Vacuum - Wet/Dry Filters (1 PKG = 3 Filters) ","Each","1","Retail Equipment","2.990000009536743","NULL"
"118199","118199","Water Station Replacement Grate (See Image)"," Each","1","Retail Equipment","19.43000030517578","NULL"
"118979","118979","Scoop Aluminum 58oz","Each","1","Retail Equipment","NULL","coffee, scoop, aluminum"
"118983","118983","Pastry Tongs - S/S Spring","Each","1","Retail Equipment","1.3700000047683716","pastry, tong, tongs"
"120497","120497","Chair - Folding","Each","1","Retail Equipment","12.970000267028809","chair, folding"
"121016","121016","Smallware - Mocha Container (Fountain Jar), Large","Each","1","Retail Equipment","5.599999904632568","mocha, large, container"
"121017","121017","Lid - Tall White Plastic Sauce Container (121016) For SS Pump","Each","1","Retail Equipment","NULL","white, mocha, plastic, pump, lid"
"121048","121048","Carry Out Order Book (Airports ETC.) (1 Pad = 25 Sheets)","Pad","1","Supplies","3.2200000286102295","NULL"
"122786","122786","Stainless Steel ""For Here"" Spoons (Box of 12)","Inner Pack","12","Retail Equipment","NULL","NULL"
"122787","122787","Stainless Steel ""For Here"" Forks (Box of 12)","Package","12","Retail Equipment","NULL","NULL"
"122788","122788","Stainless Steel ""For Here"" Knives (Box of 12)","Inner Package","12","Retail Equipment","NULL","NULL"
"124296","124296","Filter 25X11 Urn 10 gal CS/500","Case","1","Supplies","NULL","NULL"
"128983","128983","Safe Warning Sign - Time Controlled (5""X7"")","Each","1","Supplies","NULL","sign, sticker, money, cash, safe"
"128984","128984","Tissue Pickup 6X10.75 Cs/10000","Case","1","Supplies","NULL","NULL"
"130489","130489","Bag Holder - Pastry Case","Each","1","Retail Equipment","3.180000066757202","bag, holder, pastry, case"
"134807","134807","Safe Sign - Time Delay Safe (4IN)","Each","1","Supplies","NULL","sign, sticker, money, cash, safe"
"135278","135278","Beverage Glass 14oz ""For Here""","Inner Pack","6","Retail Equipment","7.099999904632568","NULL"
"135279","135279","Beverage Glass 16oz ""For Here"" ","Inner Pack","6","Retail Equipment","9.470000267028809","NULL"
"135280","135280","Beverage Glass 22oz ""For Here""","Inner Pack","6","Retail Equipment","10.4399995803833","NULL"
"135625","135625","Till Cups (1 Set = 5 Cups)","Set","1","Retail Equipment","7.900000095367432","till, cup, money, change, coins, cash"
"135729","135729","Label Drink ID (Post Its)","Inner Pack","10","Supplies","3.200000047683716","NULL"
"138667","138667","Safe Sign - Video and Time Control (5INX7IN)","Each","1","Supplies","NULL","sign, sticker, money, cash, safe"
"138668","138668","Sign - Don’t Open Door After Dark (8.5""X11"")","Each","1","Supplies","NULL","sign, sticker, money, cash, safe"
"139688","139688","Key - Wall Mounted Paper Towel Dispenser Key","Each","1","Retail Equipment","NULL","multifold, paper, towel, dispenser"
"140280","140280","Bag - #4 Grocery (Oatmeal) See Image","Bundle","1","Paper/Packaging","NULL","bag, grocery bag, grocery"
"145149","145149","Label Brew Batch Size Sheet (6/Sheet)","Sheet","1","Supplies","NULL","urn, brewer, coffee"
"145987","145987","Label - Skim Milk (100/Roll)","Roll","1","Supplies","NULL","sticker, dairy"
"150995","150995","SmallWare - Mocha Container) (Fountain Jar), Small","Each","1","Retail Equipment","5.519999980926514","small, mocha, container"
"150996","150996","Lid - Small White Plastic Container (150995) For SS Pump","Each","1","Retail Equipment","NULL","NULL"
"151050","151050","Display - Spart Part - Plexi Replacement For Counter Card Holder","Each","1","Retail Equipment","NULL","NULL"
"151726","151726","Label Non-Dairy Blended Beverage","Each","1","Supplies","NULL","blender, pitcher, frappuccino"
"151808","151808","Sign Holder - Metal, Small Sign Clip (Set of 12)","Inner Pack","12","Retail Equipment","6.659999847412109","metal, sign, slip"
"153513","153513","Label Starbucks Logo - Copper Embossed (100/Roll)","Roll","1","Paper/Packaging","NULL","label, logo, sticker"
"154541","154541","Rubbish/Trash Bin/ Bullet Bin - Black Dome Front of House","Each","1","Retail Equipment","65.5","trash, can, lid, dome, garbage"
"158885","158885","Drain Tray Insert (Protection Piece) - Verisimo 801/Mastrena","Each","1","Retail Equipment","NULL","mastrena, drain, drip, tray"
"159236","159236","Syrup Rail Cold Bev 1 Pump 2 Jar","Case","1","Retail Equipment","NULL","syrup, cold, beverage, frap, frappuccino, bar, tower"
"160436","160436","Smallware - Espresso Shot Glass","Case","36","Retail Equipment","19.190000534057617","espresso, shot, glass"
"162840","162840","Knock Box S/S Cover For Hole","Each","1","Retail Equipment","NULL","NULL"
"166672","166672","Tube Replacement Airpot 2.2&3L","Each ","1","Retail Equipment","NULL","NULL"
"171619","171619","Whip Cream Gasket Seal for Lid ","Bag","10","Retail Equipment","20.760000228881836","gasket, lid, whipped, cream, whip, cartridge"
"173273","173273","Mocha Container (round)","Each","1","Retail Equipment","NULL","mocha, container, round"
"173274","173274","Smallware - Spare Part - Condiment Bar Insert","Each","1","Retail Equipment","6.820000171661377","condiment, bar, insert"
"173712","173712","Label Newspaper Sticker","Each","1","Paper/Packaging","NULL","news, paper, chalk, sign"
"173728","173728","Ice Bin Lid Set of 2 (See Picture)","Each","1","Retail Equipment","NULL","ice, ice bin, bin, lid"
"177484","177484","Smallware - Day Dot Label Dispenser (Day Dot Labels Not Included) ","Each","1","Retail Equipment","14.40999984741211","day, dot, label, sticker"
"177803","177803","Whip Cream Siphon (Canister) - Complete Unit","Each","1","Retail Equipment","39.61000061035156","whipped, cream, canister, can"
"177805","177805","Whip Cream Lid Assembly - Head Only","Bag","4","Retail Equipment","NULL","whipped, cream, lid, whip, heavy"
"177806","177806","Tip - Whip Cream Canister","Bag","10","Retail Equipment","26.639999389648438","whipped, cream, lid, whip, heavy"
"177807","177807","Whip Cream Charger Holder","Bag ","10","Retail Equipment","NULL","whipped, cream, lid, whip, heavy"
"178314","178314","Rolling Chemical Cart","Each","1","Supplies","93.33999633789062","NULL"
"178852","178852","Riser LG Supply Zone","Each","1","Retail Equipment","NULL","NULL"
"178920","178920","Part Lever Head 3.0L Airpot","Each","1","Retail Equipment","NULL","NULL"
"178923","178923","Coffee Airpot 3 Liter","Each","1","Retail Equipment","29.25","NULL"
"180543","180543","Bin - Partner-Facing 23 Gallon Square","Each","1","Retail Equipment","52.7400016784668","partner, bin"
"180545","180545","Bin - Partner-Facing 7 Gallon, Black","Each","1","Retail Equipment","3.319999933242798","partner, bin"
"180549","180549","Bin - Partner-Facing 10.3 Gallon","Each","1","Retail Equipment","NULL","partner, bin"
"181376","181376","Sign - ""Employees Must Wash Hands""","Each","1","Supplies","0.6899999976158142","bathroom, restroom"
"181619","181619","Sign - Clearance Shelf Skirt","Each","1","Supplies","NULL","NULL"
"181933","181933","Dispenser, Soap Wall-Mounted","Each","1","Construction Materials","NULL","bathroom, wash, hands, liquid, restroom"
"181934","181934","Dispenser, Soap Lavatory-Sink Mounted","Each","1","Construction Materials","NULL","bathroom, wash, hands, liquid, restroom"
"181937","181937","Dispenser - Toilet Paper","Each","1","Construction Materials","NULL","bathroom, restroom"
"182175","182175","Pastry Knife - Seperated 8in","Each","1","Retail Equipment","1.4700000286102295","pastry, knife"
"182465","182465","Label ADA - POS Sticker (25/Roll)","Each","1","Supplies","NULL","NULL"
"182682","182682","8 Inch Drip Tray Stainless Steel 8"" W/Screen","Each","1","Retail Equipment","NULL","drip, drain, tray, coffee, urn"
"182953","182953","Deployment Coaching Poster","Each","1","Supplies","NULL","NULL"
"182999","182999","Smallware - Dry Deck Tiles (30X30CM)","Box","4","Construction Materials","11.380000114440918","NULL"
"183594","183594","Spoon Slotted 12"" Black","Each","1","Retail Equipment","NULL","spoon, slotted"
"183908","183908","Filter 11.25X3.75 Fetco CS/500","Case","1","Supplies","NULL","NULL"
"184152","184152","Platter - Pastry, 6""X14"" (Set of 4) ","Inner Pack","6","Retail Equipment","15.760000228881836","platter, pastry"
"184215","184215","Sign - ""No Smoking"" Static Cling","Each","1","Supplies","0.5099999904632568","NULL"
"184304","184304","Spigot Seat Cup - Bunn Digital Brewer","Each","1","Retail Equipment","1.9500000476837158","spigot, urn, brewer"
"184305","184305","Spigot Spring - Bunn Digital Brewer","Each","1","Retail Equipment","NULL","spigot, urn, brewer"
"184306","184306","Sprayhead - Bunn Digital Brewer","Each","1","Retail Equipment","1.0700000524520874","spigot, urn, brewer"
"184309","184309","Kit - Sight Glass Gaskets, Bunn Digital Brewer ( 4 Sets Per Kit)","Each","1","Retail Equipment","NULL","spigot, urn, brewer"
"184312","184312","Insert - Bunn Digital Brewer Server Lid, White","Each","1","Retail Equipment","2.559999942779541","spigot, urn, brewer"
"184331","184331","Sight Glass - Bunn Digital Brewer","Each","1","Retail Equipment","1.8600000143051147","spigot, urn, brewer"
"184397","184397","Plexi Holder For Syrups - Stair Step 5 Section","Each","1","Retail Equipment","14.920000076293945","tower, syrup, shroud"
"184722","184722","Plexi (Acrylic) Signage Clip Plastic (Set Of 6) ","Inner Pack","6","Retail Equipment","NULL","plastic, clip"
"184811","184811","Blender Pitcher Rinser - Rubber Suction Feet (3 pack)","Each","1","Retail Equipment","3.9200000762939453","blender, pitcher, rinser, feet"
"185111","185111","Dome Ice Bin Lid 90Lb Ice Bin for CBS","Each","1","Retail Equipment","NULL","dome, ice, bin, lid, ice bin"
"185175","185175","Mobile Dunnage Rack (3FT)","Each","1","Retail Equipment","96.44999694824219","NULL"
"185176","185176","Mobile Dunnage Rack (4FT)","Each","1","Retail Equipment","NULL","NULL"
"185603","185603","Spout Assembly Complete - Mastrena","Each","1","Retail Equipment","NULL","mastrena, drip, spigot, spout spray"
"185857","185857","Iced Tea Shaker W/Lip (Comes with Lid) ","Each","1","Retail Equipment","3.2100000381469727","tea, teavana, tazo, shaker, lid"
"185969","185969","Restroom Sconce Shade - Paper","Each","1","Construction Materials","NULL","bathroom, restroom"
"185970","185970","Drip Tray - Single, Gray - Bunn Digital Brewer","Each","1","Retail Equipment","NULL","drip, drain, tray, coffee, urn"
"185971","185971","Drip Tray - Dual, Gray - Bunn Digital Brewer","Each","1","Retail Equipment","NULL","drip, drain, tray, coffee, urn"
"186056","186056","Cleaning Key Assembly - Mastrena","Each","1","Retail Equipment","NULL","mastrena, cleaning"
"186093","186093","Funnel Tip Assembly Brew Basket Threaded Tip - Bunn Digital Brewer","Each","1","Retail Equipment","NULL","NULL"
"186390","186390","Spigot - Complete Assembly (Gray Handle) - Bunn Digital Brewer","Each","1","Retail Equipment","NULL","spigot"
"186394","186394","Gasket For Server Lid - Bunn Digital Brewer","Each","1","Retail Equipment","NULL","gasket, urn, brewer"
"186395","186395","Lid Assembly - Complete, Gray - Bunn Digital Brewer","Each","1","Retail Equipment","16.270000457763672","brewer, urn, spigot, bunn"
"186396","186396","Sight Glass - (Metal Cap) - Bunn Digital Brewer","Each","1","Retail Equipment","NULL","brewer, urn, spigot, bunn"
"186397","186397","Brew Basket Handle, Gray - Bunn Digital Brewer","Each","1","Retail Equipment","NULL","brewer, urn, spigot, bunn"
"186398","186398","Brew Basket Complete Gray - Bunn Digital Brewer","Each","1","Retail Equipment","NULL","brewer, urn, spigot, bunn"
"186513","186513","Condiment Bar Divider","Each","1","Retail Equipment","3","condiment, bar, sugar, packets"
"186617","186617","Community Board Magnets (20 Magnets Per Roll) ","Each","1","Retail Equipment","6.079999923706055","NULL"
"187386","187386","Blender Pitcher Rinser - Metal Tap (Faucet) Adaptor Kit","Each","1","Retail Equipment","NULL","NULL"
"187554","187554","Frappuccino Dispenser 10L Replacement Tank","Each","1","Retail Equipment","NULL","NULL"
"188131","188131","Holder Intl Ice Scoop 4 Slot Vertical","Each","1","Retail Equipment","15.770000457763672","ice, scoop, tower"
"188749","188749","Urnex Powder Urn Cleaner (100 PKGS Per Case)","Case","1","Supplies","6.03000020980835","NULL"
"189088","189088","Label Sugar (100/Roll)","Roll","1","Supplies","1.2599999904632568","sweetener, packets, sticker"
"189784","189784","Header Sign - Displays Signage In Wall Bay Or Etagere","Each","1","Retail Equipment","NULL","NULL"
"190130","190130","Label - Wash, Rinse, Sanitize Labels (1 Sheet)","Sheet","1","Supplies","0.8500000238418579","dish, washing, sticker"
"190298","190298","Backline Trash Opening Insert - Square 12X10","Each","1","Construction Materials","NULL","trash, can, insert, opening"
"190484","190484","Plexi Cube 6.25 X 8.5 X 8.5","Case","2","Retail Equipment","23.59000015258789","NULL"
"190512","190512","Replacement Bottle For Deck Mounted Soap Dispenser Pump","Each","1","Retail Equipment","NULL","NULL"
"190577","190577","Esteem Sani NC & Supra LP Pick-up Tube Adaptor","Each","1","Retail Equipment","NULL","NULL"
"191325","191325","Metal Container For Mocha Pump (Rectangle) Optional","Each","1","Retail Equipment","NULL","NULL"
"191668","191668","Toilet Seat Cover ","Case","1","Supplies","9.289999961853027","restroom, bathroom"
"191867","191867","Stationary - Customer Care","Inner Pack","50","Supplies","12.199999809265137","NULL"
"192061","192061","Roll Towel 2 Ply 250/CS","Case","1","Supplies","NULL","NULL"
"192132","192132","Notepad - Customer Care","Inner Pack","3","Supplies","5.599999904632568","NULL"
"192803","192803","Blender Pitcher Rinser - Quick Disconnect Insert","Each","1","Retail Equipment","NULL","blender, pitcher, rinser"
"192891","192891","Form Deployment Order Pd/100","Each","1","Supplies","NULL","NULL"
"192913","192913","Shelf - Single Door (Under Counter Refrigerator)","Each","1","Retail Equipment","NULL","shelf, inside, fridge"
"192988","192988","Filters Altra 18X6 CS/250","Case","1","Supplies","NULL","NULL"
"192989","192989","Colombia Shuttle / Bunn Brewer Filters","Case","1","Supplies","NULL","NULL"
"192990","192990","Filters 23X9 Fetco CS/250","Case","1","Supplies","NULL","NULL"
"193067","193067","Rubber Handle, Coffee Pour Spot - Mastrena","Each","1","Retail Equipment","NULL","mastrena, rubber, black, handle, spout"
"193544","193544","Sugar Dispenser Tube","Each","1","Retail Equipment","NULL","sugar, sweet, sweetener"
"193554","193554","Shelf Dividers (Set of 3)","Each","1","Retail Equipment","NULL","shelf"
"193557","193557","Ledge Kit - Shelf Ledges 2 Sides and 2 Front-Back (St/4)","Each","1","Retail Equipment","NULL","ledge"
"193601","193601","Cambro Cover, 5GAL","Case","5","Paper/Packaging","NULL","cambro, lid, cover"
"193602","193602","Cover - Narrow Food Platter, 6"" X 14"" (Set of 2)","Case","4","Retail Equipment","13.239999771118164","food, pastry, platter"
"193659","193659","Cover - Large Foot Platter, 12"" X 14"" (Set of 2)","Case","2","Retail Equipment","NULL","food, pastry, platter"
"193951","193951","Replacement Shelf Coupler (Bag of 4)","Case","4","Retail Equipment","NULL","shelf"
"194158","194158","Leveler, Indoor Table Base (5PK)","Each","1","Retail Equipment","NULL","NULL"
"194199","194199","Sign - Temporarily Out (6/IP)","Inner Pack","6","Supplies","NULL","NULL"
"194898","194898","Floor Rack - Sign Holder","Each","1","Retail Equipment","NULL","NULL"
"194981","194981","Hanging Sign Holder (Set of 2)","Inner Pack","2","Retail Equipment","NULL","NULL"
"196044","196044","S-Hook Black (Set of 2)","Inner Pack","2","Retail Equipment","0.7200000286102295","NULL"
"196059","196059","Lid For Iced Black Tea, Orange","Each","1","Retail Equipment","1.7200000286102295","black, tea, teavana, tazo"
"196060","196060","Lid For Iced Green Tea - Green","Each","1","Retail Equipment","1.7200000286102295","green, tea, teavana, tazo"
"196061","196061","Lid For Herbal Iced Tea (Passion) - Magenta ","Each","1","Retail Equipment","1.7200000286102295","passion, tea, teavana, tazo"
"196062","196062","Lid For Iced Brewed Coffee - Dark Brown","Each","1","Retail Equipment","1.7200000286102295","iced, coffee"
"196063","196063","Lid - Grey","Each","1","Retail Equipment","1.7200000286102295","gray"
"204109","204109","Floot Mat - 3ftX4ft Anti Fatigue - Mighty Mats Ultra","Each","1","Retail Equipment","68.18000030517578","floor, rubber, feet, foot"
"204601","204601","Pump Green Tea Latte Green Head","Inner Pack","2","Supplies","NULL","NULL"
"206352","206352","Condiment Bar Carafe Replacement Lid","Each","1","Retail Equipment","NULL","condiment, carafe, half, breve"
"210689","210689","Filters U6 Altra 21X9 CS/250","Case","1","Supplies","NULL","NULL"
"215632","215632","Label Dispenser Warming (2"" Label Dispenser with 3"" Core)","Each","1","Supplies","29.360000610351562","NULL"
"220620","220620","Smallware - Warming Stating - Unit","Each","1","Retail Equipment","33.11000061035156","pastry, sandwich, tongs"
"220621","220621","Smallware - Warming Station - Insert For Tongs","Each","1","Retail Equipment","36.189998626708984","pastry, sandwich, tongs"
"223099","223099","Frappuccino Dispenser Valve Assembly","Each","1","Retail Equipment","NULL","frappuccino, frap"
"223254","223254","Smallware - Spare Part - Knob Pumpkin Spice Pump","Each","1","Retail Equipment","3.009999990463257","pumpkin, spice, PS, holiday"
"223255","223255","Kit - Gauging Collar Pumpkin","Each","1","Retail Equipment","3.0899999141693115","pumpkin, spice, PS, holiday"
"242245","242245","Sanitizer Label (Sheet of 8)","Sheet","1","Supplies","0.4099999964237213","NULL"
"242248","242248","Label Matcha Powder (100/Roll)","Roll","1","Supplies","1.1699999570846558","sticker, sign, inclusion"
"242249","242249","Label Vanilla Bean Powder (100/Roll)","Roll","1","Supplies","1.1699999570846558","sticker, sign, inclusion"
"242250","242250","Label Chocolate Chips (100/Roll)","Roll","1","Supplies","1.1699999570846558","sticker, sign, inclusion"
"260479","260479","Platter - 12""X14"" Red","Inner Pack","2","Retail Equipment","NULL","platter, pastry, food"
"260556","260556","Whisk (French Whip)","Each","1","Retail Equipment","4.21999979019165","whisk, stir, stirrer"
"274893","274893","Coffee Traveler Order Pad","Pad","1","Supplies","NULL","bulk, brew"
"277727","277727","Bag Large Shopper CS/200","Case","1","Paper/Packaging","28.350000381469727","bag, grocery bag, grocery"
"289700","289700","Box Gift Large","Bundle","1","Paper/Packaging","NULL","gift, box"
"300412","300412","Support Strut (10ft Umbrella)","Each","1","Retail Equipment","8.539999961853027","umbrella, stand"
"300413","300413","Bracket (6ft & 10ft Umbrellas) - Used Only For Very Old Style Umbrellas","Each","1","Retail Equipment","NULL","umbrella, stand"
"300416","300416","Canopy Strut (For 6ft Umbrella)","Each","1","Retail Equipment","NULL","umbrella, stand"
"300417","300417","Canopy Strut (For 10ft Umbrella)","Each","1","Retail Equipment","NULL","umbrella, stand"
"300420","300420","Rib Connector (For 6ft & 10ft Umbrella)","Each","1","Retail Equipment","NULL","umbrella, stand"
"300421","300421","Security Puin & Chain for Umbrella","Each","1","Retail Equipment","NULL","umbrella, stand"
"304317","304317","Table Glide Leverled (ADA Patio Table)","Set","1","Retail Equipment","NULL","patio, outside, table"
"317176","317176","Guard Oven TurboChef CS/6","Case","1","Supplies","42.650001525878906","warming"
"319834","319834","Wiping Cloth Sanitizer Container - Mastrena","Each","1","Retail Equipment","3.6600000858306885","mastrena, sanitizer, cloth, wipe"
"319851","319851","Label Caramel Sauce (100/Roll)","Roll","1","Supplies","2.2200000286102295","sticker, sign, bottle, squeeze, mocha"
"319852","319852","Label Mocha Syrup (100/Roll)","Roll","1","Supplies","2.2200000286102295","sticker, sign, bottle, squeeze, mocha"
"319901","319901","Label - Food Allergen (Nuts) Partner Facing Sitcker","Each","1","Supplies","0.11999999731779099","sticker, sign, pastry, warming"
"319902","319902","Label - Food Allergen (Nuts) - Customer Facing Sticker","Each","1","Supplies","0.18000000715255737","sticker, sign, pastry, warming"
"319903","319903","Label Nutmeg (100/Roll)","Roll","1","Supplies","1.2599999904632568","sticker, sign, topping"
"325117","325117","Fixture Metal Box Merch Medium","Each","1","Retail Equipment","NULL","NULL"
"330903","330903","Label Cinnamon (100/Roll)","Roll","1","Supplies","1.2599999904632568","sticker, sign, topping"
"330904","330904","Chocolate Label - Condiment Bar Shaker (100/Roll)","Each","1","Supplies","1.2599999904632568","sticker, sign, topping"
"330905","330905","Label Vanilla (100/Roll)","Each","1","Supplies","1.2599999904632568","sticker, sign, topping"
"330906","330906","Form - Key Safe Alarm Agreement","Inner Pack","25","Supplies","2.4000000953674316","safety, cash, safe, money"
"333264","333264","POS Storage Box Fixture - MSSV2 Items","Each ","1","Retail Equipment","27.459999084472656","NULL"
"333271","333271","Drive Thru (DT) Utensil Tray Fixture - MSSV2 Items","Each","1","Retail Equipment","NULL","NULL"
"333274","333274","Smallware - CBS Tea Riser","Each","1","Retail Equipment","66.19000244140625","tea, teavana, tazo, riser, tower"
"333277","333277","2 Shaker Holder Fixture - MSSV2 Items","Inner Pack","2","Retail Equipment","6.840000152587891","NULL"
"338864","338864","Rack For Ceramic Oven Tray","Each","1","Retail Equipment","61.91999816894531","NULL"
"357054","357054","Liners For Koala Diaper Changing Station","Case","1","Supplies","NULL","NULL"
"375372","375372","Towel Dispenser Half Size","Each","1","Construction Materials","NULL","multifold, paper, towel, dispenser"
"375374","375374","Towel Dispenser Full Size","Each","1","Construction Materials","13.329999923706055","multifold, paper, towel, dispenser"
"375397","375397","Fixture - CBS Sink Grate Kiosk","Each","1","Retail Equipment","NULL","NULL"
"375398","375398","Smallware - Syrup Riser (53.5 CM Wide)","Each","1","Retail Equipment","38.66999816894531","NULL"
"375399","375399","Smallware - 3 Slot Lid Holder","Each","1","Retail Equipment","34.529998779296875","NULL"
"375400","375400","Smallware - 4 Slot Lid Holder","Each","1","Retail Equipment","38.15999984741211","NULL"
"375401","375401","Smallware - Sleeve Dispenser","Each","1","Retail Equipment","34.369998931884766","sleeve, hot, cup, dispenser"
"375402","375402","Sleeve Dispenser 18"" Plexi","Each","1","Retail Equipment","43.65999984741211","sleeve, hot, cup, dispenser"
"394033","394033","True Shelf Fridge/Freezer Clip 16 Ea Per Bag","Each","1","Retail Equipment","NULL","NULL"
"413560","413560","Smallware - Metal Ring for Timer","Inner Pack","5","Supplies","NULL","NULL"
"434040","434040","Sign - Store Hours Door","Each ","1","Retail Equipment","10.430000305175781","sign, hours, operation, open"
"434042","434042","Shuttle Hang Tag","Inner Pack","12","Retail Equipment","6.909999847412109","NULL"
"441653","441653","Box Gift Mug","Case","1","Paper/Packaging","NULL","gift, box"
"468266","468266","Plexi Sign Holder 8.5IN X 11IN (Slanted)","Each","1","Retail Equipment","NULL","NULL"
"469391","469391","Label Organic Grinder (For Grinding Organic Beans)","Each","1","Paper/Packaging","NULL","label, grinder, organic"
"481289","481289","Thermometer - Refrig/Freezer W/Clip","Each","1","Retail Equipment","1.409999966621399","NULL"
"533027","533027","Label - Cash Handling","Sheet","1","Supplies","0.7699999809265137","sticker, sign"
"861026","861026","Seat Cup - Large, Columbia Brewer, LS","Each","1","Retail Equipment","NULL","NULL"
"998033","998033","Smallware - Condiment Bar Carafe","Each","1","Retail Equipment","16.809999465942383","carafe, half, breve"
"999368","999368","Walk In Refrigerator Dunnage Rack","Each","1","Retail Equipment","NULL","NULL"
"1007648","1007648","Grounds Drawer - Mastrena","Each","1","Retail Equipment","NULL","mastrena, espresso, machine, drawer"
"1007649","1007649","Drain Tray Grate - Mastrena","Each","1","Retail Equipment","NULL","mastrena, espresso, machine, drawer"
"1007667","1007667","Drain Tray Assembly Mastrena","Each","1","Retail Equipment","NULL","mastrena, espresso, machine, drawer"
"1057229","1057229","Spray Bottl Multi-Surface ","Each","1","Supplies","26.280000686645508","NULL"
"1063867","1063867","Blender Connector Y ","Each","1","Retail Equipment","NULL","blender, pitcher, connector"
"1068159","1068159","Sign - Safe Warning Sticker 5.5"" Red ""For Your Protection Sticker","Each","1","Supplies","0.8199999928474426","safety, cash, safe, money"
"1076489","1076489","Green Safe Bags For Till Storage (Money Bag Kit 1 Set = 4 Bags)","Each","1","Supplies","NULL","NULL"
"1092825","1092825","Chalk Marker (White) - Regular Tip","Each","1","Supplies","2.990000009536743","NULL"
"1117287","1117287","Powder Container Lid","Each","1","Retail Equipment","13.630000114440918","NULL"
"1129487","1129487","Steam Wand Cover/Sheath (Fits Mastrena Machine Only)","Each","1","Retail Equipment","NULL","mastrena, espresso, machine, drawer"
"1133234","1133234","Replacement Tray Insert For Warming Utensil Tray","Each","1","Supplies","NULL","tong, warming, pastry, sandwich"
"1162804","1162804","Roll Pin - GrindMaster Grinder","Each","1","Retail Equipment","NULL","grinder, grindmaster, grind, coffee"
"1166856","1166856","Duster Polywool","Each","1","Supplies","7.579999923706055","NULL"
"1169048","1169048","Toilet Paper Envision Embossed ","Case","1","Supplies","14.539999961853027","bathroom, restroom"
"1173905","1173905","Bucket Sanitizer Red","Each","1","Supplies","5.170000076293945","cloth, towel, sanitizer"
"1188629","1188629","Stamp Ethiopia Sidamo","Roll","1","Paper/Packaging","NULL","sticker, stamp, coffee, ethiopia"
"1190255","1190255","Smallwaree - Dry Inclusion Dispenser (Container and Lid) ","Each","1","Retail Equipment","5.789999961853027","inclusion, refresher, frappuccino"
"1190299","1190299","Coffee French Press, 8 Cup for In-House Sampling","Each","1","Brewing","19.139999389648438","brewing"
"1196833","1196833","Complete Bean Hopper and Gate Assembly - Mastrena","Each","1","Retail Equipment","NULL","mastrena, espresso, machine, drawer"
"1196876","1196876","Sanitizer Clicksan 2/CS","Case","1","Supplies","47.70000076293945","NULL"
"1197057","1197057","Decaf Hopper Lid (Clear) - Mastrena","Each","1","Retail Equipment","10.949999809265137","mastrena, espresso, machine, drawer"
"1197058","1197058","Regular Hopper Lid (Clear) - Mastrena","Each","1","Retail Equipment","NULL","mastrena, espresso, machine, drawer"
"1197060","1197060","Fan Cover - Mastrena","Each","1","Retail Equipment","NULL","mastrena, espresso, machine, drawer"
"1206684","1206684","Cleaner - Glass and Multi Surface","Each","1","Supplies","36.29999923706055","squirt, bottle, cleaner"
"1208535","1208535","Brush 8"" Swivel Deck W/Out Handle ","Each","1","Supplies","19.75","NULL"
"1208538","1208538","Handle 60"" Metal Threaded","Each","1","Supplies","3.3299999237060547","NULL"
"1208539","1208539","TF Server Drip Tray Assembly FS","Each","1","Retail Equipment","NULL","NULL"
"1208540","1208540","Brush - Hi Lo Deck Scrub Brush with Handle","Each","1","Supplies","12.59000015258789","NULL"
"1208541","1208541","Caddy Restroom","Each","1","Supplies","8.770000457763672","bathroom"
"1208546","1208546","Booklet, Make It Your Drink - (English only) ","Inner Pack","25","Supplies","NULL","NULL"
"1218562","1218562","Support Strut (6ft Umbrella)","Each","1","Retail Equipment","6.409999847412109","umbrella, stand"
"1237478","1237478","Holder - RTD Sign","Each","1","Retail Equipment","19.1200008392334","sign, RTDE"
"1241081","1241081","Chalk Marker (White) - Fine Tip","Each","1","Supplies","2.990000009536743","sign, chalk"
"11000375","11000375","Label Tea Canister","Each","1","Paper/Packaging","NULL","label, tea, canister"
"11000604","11000604","Wrench Adjustable 8 Inch","Each","1","Retail Equipment","NULL","tools"
"11000605","11000605","Wrench Set - Metric Allen","Each","1","Retail Equipment","NULL","tools"
"11000722","11000722","Screwdriver - Philips 3IN Stubby","Each","1","Retail Equipment","NULL","tools"
"11000723","11000723","Screwdriver - Philips 6IN","Each","1","Retail Equipment","NULL","tools"
"11000724","11000724","Screwdriver 8"" Slotted","Each","1","Retail Equipment","NULL","tools"
"11000725","11000725","Screwdriver - Slotted 6IN","Each","1","Retail Equipment","NULL","tools"
"11000726","11000726","Screwdriver - Light Pin 6IN","Each","1","Retail Equipment","NULL","tools"
"11000729","11000729","Screwdrievr Set For Store First-Aid","Each","1","Retail Equipment","NULL","tools"
"11000730","11000730","Pliers - Diamond Slip Joint 6IN","Each","1","Retail Equipment","NULL","tools"
"11000731","11000731","Screwdriver - 12IN Slot Grinder","Each","1","Retail Equipment","NULL","tools"
"11000732","11000732","Pliers - Long Nose W/ Cutter","Each","1","Retail Equipment","NULL","tools"
"11000733","11000733","Tape Measure 5/8""X12ft","Each","1","Retail Equipment","NULL","tools"
"11000734","11000734","Tool Box With Tools","Each","1","Retail Equipment","91.55999755859375","tools"
"11001084","11001084","Block - CBS Wire (Multi-Block) See Image","Each","1","Retail Equipment","5.5","block, stack, wire"
"11001124","11001124","Smallware - Reserve - Bean Scoop - (2 Tablespoon Clover)","Each","1","Supplies","2.450000047683716","NULL"
"11001132","11001132","Gauging Collar Chai 2/3oz","Each","1","Retail Equipment","NULL","chai, white, mocha, lightly"
"11002235","11002235","Ceramic Oven Tray (TurboChef)","Case","2","Retail Equipment","NULL","oven, tray, rack, dish, warming"
"11002796","11002796","Toilet Paper Dispenser Spindle","Each","1","Retail Equipment","NULL","restroom, bathroom, toilet, paper"
"11003267","11003267","Umbrella Hitch & Pin Assembly For In Ground Bases","Each","1","Retail Equipment","5.329999923706055","umbrella, stand"
"11003487","11003487","Lid Carafe Black 1.9L 11001673","Each","1","Commercial Equipment","NULL","half and half, breve, half"
"11003489","11003489","Lid Carafe Orange 1.9L 11001673","Each","1","Commercial Equipment","NULL","half and half, breve, half"
"11003553","11003553","Vacuum - Wet/Dry (1.5 Gallon)","Each","1","Retail Equipment","43.810001373291016","NULL"
"11003592","11003592","Smallware - Reserve - Pour Over Brew Stand","Each","1","Supplies","28.309999465942383","NULL"
"11004094","11004094","Black Coffee Master Apron - New Logo","Inner Pack","2","Supplies","8.270000457763672","partner, apron"
"11004301","11004301","Dezcal Dish Machine Scale Remover","Each ","1","Supplies","1.5099999904632568","NULL"
"11005259","11005259","Smallware - Slate Effect Tile - Small (28.5 X 28.5CM)","Each","1","Retail Equipment","NULL","NULL"
"11005260","11005260","Pastry Case Square Cake Dome - Short","Each","1","Retail Equipment","NULL","NULL"
"11005334","11005334","NGO Warming Aluminum Tray, Oven","Each","1","Retail Equipment","34.29999923706055","NULL"
"11005335","11005335","NGO Warming Stand Rack, Oven","Each","1","Retail Equipment","NULL","NULL"
"11005336","11005336","NGO Warming Air Filter, Oven","Each","1","Retail Equipment","NULL","NULL"
"11005755","11005755","Plexi (Acrylic) Display Cube 4IN X 4IN","Each","1","Retail Equipment","1.3799999952316284","NULL"
"11006156","11006156","Poster Frame Wall Mount (24X26)","Each","1","Retail Equipment","NULL","NULL"
"11006697","11006697","Cone Brewer Recipe Label - Pour Oevr Brewing Method Supplies","Each","1","Supplies","0.2800000011920929","NULL"
"11006756","11006756","Plastic CBS Flavor Pump (3.75ml) ","Inner Pack","3","Supplies","2.430000066757202","pump, metal"
"11006926","11006926","Sign Holder Bakery Stab In (Set of 12)","Inner Pack","12","Retail Equipment","8.829999923706055","NULL"
"11006975","11006975","Magnet - Frappuccino Milk Dispenser","Inner Pack","6","Retail Equipment","NULL","NULL"
"11007225","11007225","Detergent - Heavy Duty Multipurpose For Stores Without Autodispenser","Case","1","Supplies","NULL","dish, washing"
"11007226","11007226","Kay Specialty Cleaner & Polish","Case","1","Supplies","17.959999084472656","NULL"
"11007227","11007227","Sanitizer Kay-5","Case","1","Supplies","NULL","NULL"
"11007279","11007279","Fixture - A-Frame W/Magnetic Channel","Each","1","Retail Equipment","NULL","NULL"
"11007304","11007304","Smallware - Slate Effect Tile - Round (28.5cm)","Each","1","Retail Equipment","NULL","NULL"
"11007691","11007691","Carbon Filter - Pentair/Everpure Water Filtration (See Image)","Each","1","Retail Equipment","NULL","NULL"
"11007862","11007862","QSR Restroom Cleaner","Case","1","Supplies","18.25","bleach"
"11007864","11007864","Sanitizer Esteem Sani Low Temp Dish Machine","Case","1","Supplies","26.860000610351562","dish, washing"
"11007865","11007865","Lotion and Hand Soap Kay 4 Gallons/Case","Case","1","Supplies","16.790000915527344","soap, partner, customer, cleaning, washing, hands"
"11007888","11007888","Detergent - Heavy Duty Multipurpose Detergetnt For Dispenser (Clickwash)","Case","1","Supplies","47.61000061035156","dish, washing"
"11007905","11007905","Vitamix Pitcher Parts - Blade Assembly","Each","1","Retail Equipment","47.7599983215332","blender, pitcher, blade"
"11007906","11007906","Drive Socket Kit - Vitamix Blender Parts","Each","1","Retail Equipment","5.570000171661377","blender, pitcher, frappuccino"
"11007908","11007908","Vitamix Blender Parts - Blender Shroud Assembly","Each","1","Retail Equipment","115.29000091552734","blender, pitcher, frappuccino"
"11007956","11007956","Soap Lotion Hand CS/ 4 800mL Pouches","Case","1","Supplies","26.889999389648438","soap, partner, customer, cleaning, washing, hands"
"11007988","11007988","Stamp STB FY10","Each","1","Paper/Packaging","NULL","stamp"
"11008010","11008010","CBS Coffee Pump Gauging Collar","Each","1","Retail Equipment","NULL","coffee, frappuccino, frap, roast"
"11008067","11008067","Stamp OGA FY10","Each","1","Paper/Packaging","NULL","stamp"
"11008084","11008084","Cleaner Kadet All Surface Floor CS/4 Gal ","Case","1","Supplies","62.22999954223633","NULL"
"11008214","11008214","Lid - Blender Pitcher, Non-Dairy, Yellow (Vitamix)","Each","1","Retail Equipment","NULL","blender, pitcher, frappuccino"
"11008215","11008215","Lid - Blender Pitcher, Soy, Blue, (Vitamix)","Each","1","Retail Equipment","NULL","blender, pitcher, frappuccino"
"11008248","11008248","Sign - Basket Chalkboard","Each","1","Retail Equipment","6.639999866485596","NULL"
"11008270","11008270","Vitamix Blender Parts - Retainer Nut Blade Assembly","Each","1","Retail Equipment","12.0600004196167","blender, pitcher, frappuccino"
"11008271","11008271","Vitamix Blender Parts - Wrench (For Blade Replacement)","Each","1","Retail Equipment","7.46999979019165","blender, pitcher, frappuccino"
"11008272","11008272","Vitamix Blender Parts - Centering Pad","Each","1","Retail Equipment","5.760000228881836","blender, pitcher, frappuccino"
"11008274","11008274","Vitamix Blender Parts - Isolation Gasket (On-Counter)","Each","1","Retail Equipment","13.449999809265137","blender, pitcher, frappuccino"
"11008275","11008275","Vitamix Blender Parts - Isolation Gasket (In-Counter)","Each","1","Retail Equipment","13.449999809265137","blender, pitcher, frappuccino"
"11008948","11008948","Universal Stainless Steel Pump (Mocha) Spring Parts Kit","Each","1","Retail Equipment","NULL","mocha, pump"
"11008950","11008950","Smallware - Spare Part - Universal Pumpo Spare Parts Gasket Kit","Each","1","Retail Equipment","NULL","NULL"
"11009006","11009006","Bottle 38MM Clear - SF Mocha (Pump 11009014 & Bottle 11009006)","Each","1","Retail Equipment","2.6500000953674316","skinny, mocha, pump"
"11009007","11009007","Lid 38MM Clear - SF Mocha (Pump 11009014 & Bottle 11009006)","Each","1","Retail Equipment","1.8600000143051147","skinny, mocha, pump"
"11009014","11009014","Pump SF Mocha Sauce (Bottle 11009006 & Lid 1100907)","Each","1","Retail Equipment","23.06999969482422","skinny, mocha, pump"
"11009200","11009200","Smallware - Pitcher For Milk Steaming (Lined For S/T/G/V)","Each","1","Retail Equipment","11.380000114440918","steaming, milk, pitcher"
"11009237","11009237","Smallware - Pour Over Kettle","Each","1","Retail Equipment","18.459999084472656","pour, over, coffee"
"11009241","11009241","Pump SS CBS Mocha Replacement Knob","Each","1","Retail Equipment","NULL","mocha, frappuccino, frap"
"11009305","11009305","Pump CBS Coffee Replacement Knob","Each","1","Retail Equipment","NULL","frappuccino, frap"
"11009306","11009306","Smallware - Spare Part - Knob Mocha Pump Hot","Each","1","Retail Equipment","NULL","NULL"
"11009394","11009394","Pump - Gauging Collar For ESP Mocha 2/3 OZ","Each","1","Retail Equipment","NULL","NULL"
"11009498","11009498","Dispenser - Tolet Paper Key Unit","Each","1","Retail Equipment","NULL","NULL"
"11009763","11009763","Packets Sugar","Case","1","Beverage Component","NULL","sweetener, flavor"
"11009864","11009864","Cleaning Brush - Stainless Steel Pump, Carbonator","Each","1","Retail Equipment","5.190000057220459","NULL"
"11009962","11009962","Thermometor - Steaming 5"" ","Each","1","Supplies","2.0799999237060547","NULL"
"11009965","11009965","MultiFold Paper Towels 250/CS","Case","1","Supplies","12.15999984741211","NULL"
"11010142","11010142","Measuring Cup - Frappuccino & Classic Smoothiers","Each","1","Retail Equipment","2.700000047683716","NULL"
"11010154","11010154","CBS Mocha Pump Gauging Collar","Each","1","Retail Equipment","NULL","NULL"
"11010573","11010573","Pump Part Kit - SF Mocha Stainless Steel Pump","Each","1","Retail Equipment","NULL","NULL"
"11010574","11010574","Filter #4 - Pour Over NSF Black Plastic Cone","Each","1","Retail Equipment","3.7799999713897705","NULL"
"11010575","11010575","Canister - Pour Over Coffee","Each","1","Retail Equipment","7.429999828338623","NULL"
"11010659","11010659","Barware For Here 3OZ Siren Mug Demitasse","Inner Pack","4","Supplies","4.980000019073486","NULL"
"11010660","11010660","Barware For Here Siren 8OZ Mug","Inner Pack","4","Supplies","6.550000190734863","NULL"
"11010661","11010661","Barware For Here Siren 12OZ Mug","Inner Pack","4","Supplies","7.579999923706055","NULL"
"11010663","11010663","Barware For Here Siren 16OZ Mug","Inner Pack","4","Supplies","9.779999732971191","NULL"
"11010672","11010672","Barware For Here Mug 20OZ Siren","Inner Pack","4","Supplies","10.5600004196167","NULL"
"11010673","11010673","Saucer - Demi 4.75"" Siren Round","Inner Pack","4","Supplies","NULL","NULL"
"11010697","11010697","Mop Bucket Yellow Wave Brake To Be Used W/ Insert (11042767)","Each","1","Supplies","74.36000061035156","NULL"
"11010737","11010737","Apron Green - Logo 2 Each Per Inner Pack","Inner Pack","2","Supplies","8.359999656677246","partner, apron"
"11010746","11010746","Sign - Allergen Awareness Sign For Back Of House","Each ","1","Paper/Packaging","1.1100000143051147","sign, sticker, allergen, allergies, aware"
"11010768","11010768","Newspaper Chalkboard Sign - New York Times","Each","1","Marketing Supplies","NULL","news, paper, chalk, sign"
"11010769","11010769","Newspaper Chalkboard Sign - USA Today","Each","1","Marketing Supplies","NULL","news, paper, chalk, sign"
"11010770","11010770","Newspaper Chalkboard Sign - Wall Street Journal","Each","1","Marketing Supplies","NULL","news, paper, chalk, sign"
"11010771","11010771","Newspaper Chalkboard Sign - Blank","Each","1","Marketing Supplies","NULL","news, paper, chalk, sign"
"11010882","11010882","Plastic Pump - CBS Base","Each","1","Retail Equipment","4.159999847412109","frappuccino, frap"
"11011191","11011191","Smallware - Dry Inclusion Dispenser Tower","Each","1","Retail Equipment","16.469999313354492","NULL"
"11011394","11011394","Hat - Starbucks 1 Each","Each","1","Supplies","NULL","partner, uniform"
"11011444","11011444","Holder 32 OZ Molded Cup Holder (For Spoodle)","Each","1","Retail Equipment","2.990000009536743","NULL"
"11011445","11011445","Lid Holder (Includes Trenta)","Each","1","Retail Equipment","3.5299999713897705","NULL"
"11011754","11011754","Binder - Promo Binder With Tabs 10.5""X11.5""","Each","1","Supplies","NULL","NULL"
"11012015","11012015","Book Onward Partner Edition (Not For Retail Sale)","Each","1","Entertainment","NULL","book, onward"
"11012314","11012314","Stainless Steel Mocha Pump Lid - For Round Insert","Each","1","Retail Equipment","NULL","NULL"
"11012316","11012316","Smallware - Pump Mocha (15mL)","Each","1","Retail Equipment","77.43000030517578","NULL"
"11012318","11012318","Smallware - Pump Chai (20mL)","Each","1","Supplies","77.9800033569336","pump, metal"
"11014403","11014403","Pump - CBS Mocha (7.5mL)","Each","1","Retail Equipment","77.51000213623047","NULL"
"11014404","11014404","Pump - CBS Coffee (13mL) (Frappuccino Roast Soluble Coffee)","Each","1","Retail Equipment","77.51000213623047","frappuccino, frap"
"11014856","11014856","Black cube Risers 6"", 8"" and 10"" (Set of 3)","Each","1","Retail Equipment","25.6200008392334","NULL"
"11014860","11014860","Fixture - Risers 8"" Cube 3 Pack","Each","1","Retail Equipment","NULL","NULL"
"11014911","11014911","Card - US Customer Comment Card FY 11","Inner Pack","50","Supplies","9.350000381469727","NULL"
"11015353","11015353","Carbon Filter Kit 4 Pack GE Osmonics A System (See Image)","Each","1","Retail Equipment","NULL","NULL"
"11015354","11015354","Kit - Pre Filter Filter Kit 4 Pack Cirqua A System","Each","1","Retail Equipment","NULL","NULL"
"11015842","11015842","Gift Tissue Paper 3000/Case","Case","1","Paper/Packaging","43.0099983215332","gift, wrap, tissue, paper"
"11016160","11016160","Scrub Pad 20/CS","Case","1","Supplies","7.260000228881836","NULL"
"11016471","11016471","Fixture - Cube Riser 9.75"", Black","Each","1","Retail Equipment","NULL","NULL"
"11017951","11017951","Pin - Certified Barista 1 Each","Inner Pack","5","Supplies","4.539999961853027","partner, recognition"
"11017952","11017952","Pin - Certified Barista Trainer 1 Each","Inner Pack","5","Supplies","NULL","partner, recognition"
"11018468","11018468","Rope Basket And Stand, Medium","Each","1","Retail Equipment","73.51000213623047","display, merchandise"
"11018469","11018469","Rope Basket And Stand, Tall","Each","1","Retail Equipment","76.95999908447266","display, merchandise"
"11019323","11019323","Feature Cube - Metal Shelf","Each","1","Retail Equipment","NULL","display, merchandise"
"11019324","11019324","Riser - Feature Cube (Replacement Part For 11017544)","Each","1","Retail Equipment","NULL","display, merchandise"
"11019327","11019327","Feature Cube - Small Wood Shelf","Each","1","Retail Equipment","NULL","display, merchandise"
"11019343","11019343","Feature Cube Metal Caster Base","Each","1","Retail Equipment","NULL","display, merchandise"
"11019531","11019531","Cover - Urn Spigot Cover","Each","1","Supplies","6.869999885559082","urn, brewer, coffee"
"11019706","11019706","Stamp - PRC SCI 50/RL","Each","1","Paper/Packaging","NULL","stamp"
"11019878","11019878","Lid - Blender Pitcher, Dairy, Black (Vitamix)","Each","1","Supplies","11.100000381469727","blender, pitcher, frappuccino"
"11019885","11019885","Tag -  Airpot Cleaning Hang Tag 1/EA","Each","1","Supplies","0.3400000035762787","NULL"
"11020037","11020037","Grounds Drawer Handle Assembly - Mastrena","Each","1","Retail Equipment","NULL","mastrena, espresso, machine, drawer"
"11020508","11020508","Coffee Bag - 1LB Scooped Coffee","Case","1","Paper/Packaging","17.360000610351562","coffee, bag, coffee bag"
"11020509","11020509","Coffee Bag - 1/2 Lb Scooped Coffee","Case","1","Paper/Packaging","12.979999542236328","coffee, bag, coffee bag"
"11020875","11020875","Topper - Brewer (1 Topper Per Each) See Image","Each","1","Supplies","9.329999923706055","urn, brewer, coffee"
"11021109","11021109","Liquid Cleanser 6/CS","Case","1","Supplies","12.380000114440918","NULL"
"11022353","11022353","Cleaner - Kay Oven Cleaner","Case","1","Supplies","20.049999237060547","warming, sandwich, pastry, cleaner"
"11023020","11023020","Sticker - Cold Beverage Routine 1/Ea","Each","1","Supplies","2.8499999046325684","label"
"11023321","11023321","Children's Armless High Chair, Black","Each","1","Retail Equipment","93.18000030517578","lobby, customer, children, kid"
"11023460","11023460","Cleaner - Urnex Freez Ice Machine Cleaner","Each","1","Supplies","4.800000190734863","ice, machine, cleaner, solution, fluid, liquid"
"11023572","11023572","Kit - Water Filtration E-Series Prefilter Kit (Pentair)","Each","1","Retail Equipment","NULL","NULL"
"11023573","11023573","Kit - Water Filtration K-Series Prefilter Kit (EverPure)","Each","1","Retail Equipment","NULL","NULL"
"11023679","11023679","Display - Cake Pop","Each","1","Supplies","9.229999542236328","pastry, case"
"11023680","11023680","Display - Lg Tray W/ Dividers & Tray insert","Each","1","Supplies","67.61000061035156","NULL"
"11023681","11023681","Display - Small Tray W/Dividers & Tray Insert","Each","1","Supplies","51.650001525878906","NULL"
"11023682","11023682","Sign Holder - Magnetic Food (Set of 8)","Each","1","Supplies","NULL","pastry, case"
"11023688","11023688","Feature Cube Hook (Set of 2)","Each","1","Supplies","8.3100004196167","NULL"
"11024033","11024033","Display Bowl - Oatmeal (Set of 2)","Inner Pack","2","Retail Equipment","5.010000228881836","NULL"
"11024034","11024034","Topping Dish - Oatmeal (Set of 3)","Inner Pack","3","Retail Equipment","3.430000066757202","NULL"
"11024038","11024038","Rack - Cooling (Set of 2)","Case","2","Retail Equipment","22.670000076293945","NULL"
"11024039","11024039","Basket - Wire, For Pastry Case Display (Set of 2) ","Each","1","Retail Equipment","12.149999618530273","NULL"
"11024238","11024238","Label - Berries For DID","Roll","1","Supplies","0.6800000071525574","NULL"
"11024239","11024239","Label Limes For DID","Roll","1","Supplies","0.6800000071525574","NULL"
"11024541","11024541","Sticker - Esprpessor Beverage Routine","Each","1","Supplies","0.3100000023841858","label"
"11026140","11026140","Digital Thermapen - Green Probe","Each","1","Supplies","66.61000061035156","temp, food, sandwich"
"11026141","11026141","Carry Case - Thermpan ","Each","1","Supplies","5.28000020980835","temp, food, sandwich"
"11026225","11026225","Sticker - Brewed Coffee Routine Bunn / Columbia","Each","1","Retail Equipment","0.800000011920929","NULL"
"11026226","11026226","Sticker - Brewed Coffee Routine Fetco Axiom","Each","1","Retail Equipment","NULL","NULL"
"11027971","11027971","Knob - Dark Caramel Pump","Each","1","Retail Equipment","3.009999990463257","pump, metal"
"11028178","11028178","Name Badge - Chalkable (set of 6)","Each","1","Supplies","4.019999980926514","NULL"
"11028328","11028328","Label - Avery Dennison Gun, Red","Each","1","Supplies","1.2100000381469727","NULL"
"11028427","11028427","Label - Sticker Playbook Production X","Each","1","Supplies","2.119999885559082","NULL"
"11028436","11028436","Label - Sticker Playbook Café Order Routine","Each","1","Paper/Packaging","0.5899999737739563","label, sticker, café order"
"11028437","11028437","Label - Sticker Playbook Drive Thru Routine","Each","1","Paper/Packaging","0.5899999737739563","label, sticker, drive, thru"
"11028662","11028662","Softener Salt - Water Filtration 25 Lbs","Each","1","Supplies","2.3299999237060547","NULL"
"11028740","11028740","Square Liner For Trash Cut Out - New Style Condiment Bar","Each","1","Retail Equipment","NULL","NULL"
"11028971","11028971","Basket - Round","Each","1","Supplies","17.979999542236328","display, merchandise"
"11028972","11028972","Basket - Feature Cube Hanging, Rectanglar (Set of 2)","Each","1","Supplies","NULL","display, merchandise"
"11029561","11029561","Steam Handle - Mastrena","Each","1","Retail Equipment","NULL","mastrena, espresso, machine, drawer"
"11029678","11029678","Can Liner (Bags) - Green Compost 30 Gal 28X45","Case","1","Supplies","NULL","trash, garbage, recycle"
"11029679","11029679","Bag - Can Liner, Outdoor 125/Case","Case","1","Supplies","NULL","trash, garbage, recycle"
"11029680","11029680","Can Liner (Bags) - Clear Trash 30 Gall 28X45 200/CS","Case","1","Supplies","9.390000343322754","trash, garbage, recycle"
"11029681","11029681","Bag - Can Liner, Small 500/CS","Case","1","Supplies","NULL","trash, garbage, recycle"
"11029682","11029682","Can Liner (Bags) - Blue Recycling 30 Gal 28X45 250/CS","Case","1","Supplies","NULL","trash, garbage, recycle"
"11029971","11029971","Stanchion - Pole & Retractable Rope","Each","1","Retail Equipment","NULL","NULL"
"11029972","11029972","Stanchion Sign Holder (For Line Forms Here)","Each","1","Retail Equipment","NULL","NULL"
"11029973","11029973","Stanchion Sign Panel ""Line Forms Here""","Each","1","Retail Equipment","7.889999866485596","NULL"
"11029996","11029996","Warm Food Program Thawing Tray, Yellow","Each","1","Retail Equipment","NULL","NULL"
"11029997","11029997","Container - 6 Liter Storage Container","Each","1","Retail Equipment","NULL","NULL"
"11029998","11029998","Spoodle - Teal 6OZ, Blonde ","Each","1","Retail Equipment","8.430000305175781","NULL"
"11030000","11030000","Lid - Fits 4 & 6 Liter Storage Container","Each","1","Supplies","NULL","NULL"
"11030001","11030001","Dry Inclusion Scoop - Beige","Each","1","Retail Equipment","1.2899999618530273","NULL"
"11030010","11030010","Smallware - 12OZ Ice Scoop (Tall)","Each","1","Retail Equipment","2.9200000762939453","NULL"
"11030011","11030011","Smallware - 16OZ Ice Scoop (Grande)","Each","1","Retail Equipment","3.259999990463257","NULL"
"11030030","11030030","Cambro - Green 1 Gallon","Each","1","Retail Equipment","80.22000122070312","NULL"
"11030037","11030037","Banana Tongs (9"" Black Plastic)","Each","1","Retail Equipment","2.0999999046325684","NULL"
"11030039","11030039","Banana Container Lid (Fresh Markets ( Container = 11030057)","Each","1","Retail Equipment","NULL","NULL"
"11030041","11030041","Replacement Blade For Bagel Slicer","Each","1","Retail Equipment","NULL","NULL"
"11030042","11030042","Bagel Biter - Slicer","Each","1","Retail Equipment","NULL","NULL"
"11030043","11030043","Cake Dome 12"" Cover","Each","1","Retail Equipment","16.389999389648438","NULL"
"11030046","11030046","Tray - 14"" Black Grip Tite (Sampling Tray), Round","Each","1","Retail Equipment","11.289999961853027","NULL"
"11030048","11030048","Frappuccino Mix Dispenser Tubes (Sure Shot)","Inner Pack","100","Retail Equipment","NULL","frappuccino, frap"
"11030050","11030050","Replacement Spigot Faucet For Cambro LCD 500 (For 5Gal Cambro)","Each","1","Retail Equipment","NULL","NULL"
"11030051","11030051","Dish Rack All Purpose Plate Tray (Pegs)","Each","1","Retail Equipment","NULL","NULL"
"11030052","11030052","Dish Rack Combo Flatware (Flat No Pegs)","Each","1","Retail Equipment","NULL","NULL"
"11030057","11030057","Banana Container (Fresh Markets)","Each","1","Retail Equipment","NULL","NULL"
"11030058","11030058","Banana Container (Frozen Markets) 6"" White","Each","1","Retail Equipment","NULL","NULL"
"11030059","11030059","Lid - Frozen Banana Container (11030058)","Each","1","Retail Equipment","NULL","NULL"
"11030124","11030124","Hand Truck (Dolly)","Each","1","Supplies","79.61000061035156","NULL"
"11030126","11030126","Safety Goggles","Each","1","Supplies","2.2799999713897705","NULL"
"11030127","11030127","Shuttle Sight Brush 24"" - Bunn Digital Brewer","Each","1","Supplies","2.119999885559082","urn, brewer, coffee"
"11030134","11030134","Pitcher - 1 Gal Measuring (Markout Pitcher)","Each","1","Retail Equipment","8.289999961853027","NULL"
"11030135","11030135","Cambro - Green 5 Gallon","Each","1","Retail Equipment","100.20999908447266","NULL"
"11030136","11030136","Brush - Nylon For Group","Each","1","Retail Equipment","NULL","NULL"
"11030137","11030137","Smallware - 8OZ Measuring Cup, Calibration","Each","1","Retail Equipment","0.3199999928474426","NULL"
"11030138","11030138","Tong 16 Inch NSF Warming","Each","1","Retail Equipment","9.140000343322754","pastry, warming, sandwich"
"11030139","11030139","Bucket/Cube 8QT White No Lid (Lid = 11030140)","Each","1","Retail Equipment","4.269999980926514","NULL"
"11030140","11030140","Lid - 8 QT Bucket/Cube Red (Bucket = 11030139)","Each","1","Retail Equipment","1.5099999904632568","NULL"
"11030141","11030141","Spoon - 0.5 Ounce Black Plastic, 8 IN; Inclusion Scoop","Each","1","Retail Equipment","1.1699999570846558","NULL"
"11030142","11030142","Serving Spoon - Large Plastic","Each","1","Retail Equipment","NULL","NULL"
"11030143","11030143","Container - Pastry Food Storage No Lid (Lid = 11030144)","Each","1","Retail Equipment","6.579999923706055","NULL"
"11030144","11030144","Lid - Pastry Food Storage Container (Container = 11030143)","Each","1","Retail Equipment","5.170000076293945","NULL"
"11030145","11030145","Tube - Bussing, Black]","Each","1","Retail Equipment","4.550000190734863","NULL"
"11030146","11030146","Ice Scoop Large 64OZ - For Ice Machine (Plastic)","Each","1","Retail Equipment","3.5399999618530273","NULL"
"11030147","11030147","Brush Urn Modified #40001","Each","1","Retail Equipment","7.269999980926514","NULL"
"11030148","11030148","Scoop - 12OZ Clear Plastic, Ice","Each","1","Retail Equipment","3.0999999046325684","NULL"
"11030149","11030149","Cambro - Green 2.5 Gallon","Each","1","Retail Equipment","NULL","NULL"
"11030150","11030150","Spatula 13IN White Plastic Handle RM1905","Each","1","Retail Equipment","1.9900000095367432","NULL"
"11030151","11030151","Squeeze Bottle 12 Oz, Sauce","Each","1","Retail Equipment","0.6600000262260437","caramel, mocha"
"11030152","11030152","Tongs - 6 IN Plastic","Each","1","Retail Equipment","1.1699999570846558","NULL"
"11030154","11030154","Brush - Hand Scrub","Each","1","Retail Equipment","4.570000171661377","NULL"
"11030155","11030155","Wire Rack/ Grate Drain","Each","1","Retail Equipment","NULL","NULL"
"11030158","11030158","Scoop - 8OZ Ice Short, Yellow","Each","1","Retail Equipment","3.309999942779541","NULL"
"11030160","11030160","Funnel, Beverage 8OZ","Each","1","Retail Equipment","0.8299999833106995","NULL"
"11030161","11030161","Caramel Squeeze Bottle Replacement Lids ( 1 Bag = 12 Lids)","Inner Pack","12","Retail Equipment","2.4800000190734863","caramel, mocha"
"11030162","11030162","Coffee Spoodle Scoop 8OZ Black","Each","1","Retail Equipment","8.539999961853027","coffee, grinder"
"11030222","11030222","Beverage Glass 24OZ ""For Here""","Case","12","Retail Equipment","NULL","NULL"
"11030230","11030230","Lubricant - Taylor Food Grade (4OZ)","Each","1","Retail Equipment","3.7200000286102295","NULL"
"11030234","11030234","Pump - Syrup Bottle, Black","Inner Pack","3","Retail Equipment","2.059999942779541","NULL"
"11030235","11030235","Smallware - Black Napkin Dispenser","Each","1","Retail Equipment","33.22999954223633","paper, napkin, condiment, bar"
"11030236","11030236","Pump - Syrup Bottle, White","Inner Pack","3","Retail Equipment","2.059999942779541","NULL"
"11030237","11030237","Green Tub - 11.4QT For Markout","Each","1","Retail Equipment","NULL","NULL"
"11030239","11030239","Dispenser - Iced Coffee/Tea 3Gal","Each","1","Retail Equipment","NULL","NULL"
"11030240","11030240","Scoop - Ice 20 OZ, Venti","Each","1","Retail Equipment","3.9100000858306885","NULL"
"11030332","11030332","Ashtray - Black Metal Outdoor","Inner Pack","12","Supplies","NULL","NULL"
"11030335","11030335","Vacuum Bag 3pk For 128627","Inner Pack","3","Supplies","NULL","NULL"
"11030566","11030566","Liner - Burlap, Round Basket","Each","1","Supplies","NULL","display, merchandise"
"11030567","11030567","Liner - Burlap, Feature Cube Hanging Basket (set of 2)","Each","1","Supplies","NULL","display, merchandise"
"11030574","11030574","Food Display Board - Sampling Paddle","Each","1","Supplies","9.399999618530273","display, merchandise"
"11030854","11030854","Table Leveler - Hexagonal, Black","Each","1","Retail Equipment","NULL","table, peg, balance, even"
"11030924","11030924","Condiment Tray Set of 2 For Drive-Thru Stores","Each","1","Supplies","NULL","NULL"
"11030952","11030952","Sticker - No Smoking Outdoor Table 3 Inch 10/pack","Inner Pack","10","Supplies","5.010000228881836","label, sign, safety, customers"
"11031084","11031084","Banner Stand With Bar - Dark Grey","Each","1","Supplies","NULL","NULL"
"11031087","11031087","Sign Holder - Counter Card (See Image) Replacement Plexi is 151050","Each","1","Supplies","18.8700008392334","NULL"
"11031089","11031089","Bucket - Grounds For Garden, Dark Grey","Each","1","Supplies","14.270000457763672","customer, coffee, grounds, garden"
"11031090","11031090","Banner In Fill Hanging Kit: Dark Grey (2 Hanging Brackets & 4 Rods)","Each","1","Supplies","34.349998474121094","NULL"
"11031194","11031194","Manual - Stpre Cleanliness & Equip Maint","Each","1","Supplies","15.119999885559082","NULL"
"11031341","11031341","Riser - Wire, Dark Grey (Set of 2)","Case","2","Supplies","NULL","NULL"
"11031686","11031686","Cafiza Espressos Cleaning Tablets 1 Jar","Each","1","Supplies","7.170000076293945","NULL"
"11031879","11031879","Kit - Light Bulb Changer","Each","1","Retail Equipment","19.420000076293945","NULL"
"11031988","11031988","Kit - Dry Storage Labeling Kit, 14 Pages/ 30 Labels Per Page","Each","1","Supplies","3.8399999141693115","NULL"
"11031989","11031989","Kit - Refrigerator Labeling Kit 3 Pages/ 30 Labels Per Page","Each","1","Supplies","0.7699999809265137","NULL"
"11031990","11031990","Holder - Zip Storage Label Holders, Bag of 50","Each","1","Supplies","NULL","NULL"
"11031991","11031991","Holder - Clip Storage Label, Bag of 50","Each","1","Supplies","NULL","NULL"
"11032186","11032186","Menu Insert Front Panel","Each","1","Retail Equipment","NULL","NULL"
"11032187","11032187","Menu Board - Daily Offering Front Panel (ChalkBoard)","Each","1","Retail Equipment","NULL","NULL"
"11032243","11032243","Coffee Passport","Inner Pack","15","Supplies","46.20000076293945","NULL"
"11032620","11032620","Sign Holder- Food Case, Wood (Set of 20)","Inner Pack","20","Supplies","33.29999923706055","pastry"
"11032644","11032644","Ice Bucket, 6 Gallon W/Handle ","Each","1","Supplies","22.139999389648438","NULL"
"11032903","11032903","Impulse Fixture W/Magnetic Dividers","Each","1","Supplies","67.04000091552734","NULL"
"11032905","11032905","Promo POS Impulse Fixture W/ 2 Risers (1SM & 1 LG)","Each","1","Supplies","28.59000015258789","NULL"
"11033176","11033176","Replacement Knob For White Chocolate Mocha Pump","Each","1","Supplies","NULL","NULL"
"11035848","11035848","Gloves - Vinyl (Powder Free) XLG CS/10","Each","1","Supplies","2.369999885559082","NULL"
"11035920","11035920","Sink Strainer - Mesh, Thundergroup","Each","1","Supplies","1.3799999952316284","NULL"
"11036619","11036619","Label - Steaming Pitcher Dairy 50/Roll","Each","1","Paper/Packaging","1.850000023841858","label, dairy, pitcher, steaming"
"11036620","11036620","Label - Steaming Non-Dairy 50/Roll","Each","1","Paper/Packaging","NULL","label, dairy, pitcher, steaming"
"11036621","11036621","Label Steaming Pitcher Soy 50/Roll","Each","1","Paper/Packaging","NULL","label, dairy, pitcher, steaming"
"11036752","11036752","Replacement Kit - Plexi (Acrylic) For Horizontal Impulse Fixture","Each","1","Retail Equipment","15.550000190734863","NULL"
"11036808","11036808","Gloves - Nitrile, Large 12/CS","Inner Pack","24","Supplies","9.529999732971191","NULL"
"11037816","11037816","Display - Pick Of The Week Holder (POTW - Itunes)","Each","1","Retail Equipment","2.240000009536743","condiment, bar"
"11037829","11037829","Ramekin - Set Of 2, White","Each","1","Supplies","NULL","NULL"
"11037830","11037830","Tray - Rectangular, Small, White (Set of 5)","Inner Pack","5","Retail Equipment","18.469999313354492","NULL"
"11037831","11037831","Plate - White, 7.5"" (Set of 6)","Inner Pack","6","Supplies","10.819999694824219","pastry, sandwich, customer, eating"
"11037832","11037832","Display - 3"" Riser, White, Pastry Case (Set of 4)","Inner Pack","4","Supplies","14.770000457763672","pastry, case, setup, food, display"
"11038388","11038388","Pin - Apron, Bienvenidoes (Set of 6)","Each","1","Supplies","17.739999771118164","NULL"
"11038390","11038390","Plexi Bin Set For Impulse Fixture (2 Sm & 2 Lg)","Each","1","Retail Equipment","14.970000267028809","pos, register, items"
"11038391","11038391","Impulse Fixture - Replacement Magnet Dividers","Inner Pack","6","Retail Equipment","NULL","pos, register, items"
"11039094","11039094","Pump - 10 IN Extended Tube For Mocha Sauce (Large Jar Only)","Each","1","Supplies","35.47999954223633","NULL"
"11039390","11039390","Tape - POS Receipt","Case","1","Supplies","25.25","paper, roll"
"11040314","11040314","Pen - Food Case Safe (Set Of 4)","Each","1","Supplies","8.90999984741211","NULL"
"11040757","11040757","Label - Grounds For Your Garden 250 Stickers Per/Roll","Each","1","Paper/Packaging","8.819999694824219","label, garden, sticker, grounds, coffee"
"11041862","11041862","Card - Temporary Partner Card SBUX US 1 Each = 10 Cards","Inner Pack","10","Marketing Supplies","NULL","partner, card, temporary, temp"
"11041893","11041893","Smallware - Teavanna Tea Cubbie (2PC)","Inner Pack","2","Supplies","11.8100004196167","NULL"
"11041894","11041894","Smallware - Teavanna Tea Wall Rack - Optional","Each","1","Supplies","NULL","pastry, case, setup, food, display"
"11042217","11042217","Display - Food Case Pedestal, 6.5""","Each","1","Supplies","8","pastry, case, setup, food, display"
"11042218","11042218","Display - Food Case Pedestal, 8.5""","Each","1","Supplies","12.020000457763672","pastry, case, setup, food, display"
"11042219","11042219","Display - Food Case Pedestal, 10.5""","Each","1","Supplies","17.549999237060547","pastry, case, setup, food, display"
"11042749","11042749","Kay Graffiti Remover","Inner Pack","4","Supplies","82.54000091552734","NULL"
"11042767","11042767","Dirty Water Seperator Insert For Mop Bucket (11010697)","Each","1","Supplies","16.31999969482422","NULL"
"11042768","11042768","Sponge - Non Food Contact Tellow Sponge W/ Green Scratch Pad","Each","1","Supplies","4.860000133514404","NULL"
"11042779","11042779","Lobby Stand Up Dust Pan","Each","1","Supplies","13.600000381469727","NULL"
"11043354","11043354","Broom - Yellow Cleaning","Each","1","Supplies","6.340000152587891","NULL"
"11043821","11043821","Container - 7 Qt Drawer Storage White","Each","1","Supplies","4.210000038146973","NULL"
"11043830","11043830","Spare Part - Teavana Tea Cubbie Replacement Door 2 Pack","Inner Pack","2","Supplies","NULL","NULL"
"11043917","11043917","Thaw Rack Cover","Each","1","Marketing Supplies","NULL","thaw, rack, cover, pastries"
"11044941","11044941","First Aid And Emergency Kit Combined","Each","1","Supplies","137.82000732421875","NULL"
"11045794","11045794","Topper - Feature Cube, Large","Each","1","Retail Equipment","NULL","NULL"
"11045797","11045797","Sign & Holder - Chalkable, Small","Each","1","Supplies","23.15999984741211","NULL"
"11045799","11045799","Sign & Holder - Chalkable, Large","Each","1","Retail Equipment","39.810001373291016","NULL"
"11045802","11045802","Riser - Wood, Small","Each","1","Retail Equipment","44.2599983215332","display, merchandise"
"11045803","11045803","Riser - Wood, Medium","Each","1","Retail Equipment","42.9900016784668","display, merchandise"
"11045851","11045851","Sheet - 3 Spoodle Decal Sheet","Each","1","Marketing Supplies","NULL","sticker, sheet, decal, spoodle"
"11046000","11046000","Cleaner - Kay QSR Machine Warewash Detergent (Formerly Supra) 4Gal/CS","Case","1","Supplies","37.56999969482422","dish, washing"
"11046236","11046236","Label - Tempdot Thermal/Thermo Label, High Temp Warewasher","Each","1","Marketing Supplies","NULL","thermo, stickers, labels, labeler"
"11046326","11046326","Ice Melt Polar Express - 50 LB Bag","Each","1","Supplies","NULL","NULL"
"11046427","11046427","Promo POS Fixture Small Riser","Each","1","Retail Equipment","NULL","display, merchandise"
"11046428","11046428","POS Promo Fixture Large Riser","Each","1","Retail Equipment","NULL","display, merchandise"
"11046457","11046457","Packaged Food Case Basket Rplacement Burlap Liner","Each","1","Retail Equipment","NULL","NULL"
"11046458","11046458","Packaged Food Case Basket Hanging Attachment","Each","1","Retail Equipment","NULL","NULL"
"11046524","11046524","Blender Pitcher Rinser","Each","1","Supplies","115.05999755859375","NULL"
"11046570","11046570","Sign Holder - Food Case 3"" (Set of 6)","Inner Pack","6","Retail Equipment","14.539999961853027","NULL"
"11046579","11046579","Smallware - Squeezy Gravity Bottle For Caramel","Each","1","Supplies","1.9500000476837158","NULL"
"11046582","11046582","Squeeze Gravity Bottle - Green Valve + Cap","Inner Pack","6","Retail Equipment","5.28000020980835","caramel, mocha"
"11046583","11046583","Squeeze Gravity Bottle - Vented Cap in White","Inner Pack","6","Retail Equipment","3","caramel, mocha"
"11046584","11046584","Squeeze Gravity Bottle (No Caps) ","Each","1","Retail Equipment","NULL","caramel, mocha"
"11046585","11046585","Gravity Squeeze Bottle - Green Valve","Inner Pack","6","Retail Equipment","NULL","caramel, mocha"
"11046888","11046888","Hose Assembly Kit - Blender Pitcher Rinser","Each","1","Retail Equipment","48.2400016784668","blender, pitcher, frappuccino"
"11046897","11046897","Tip Assembly Kit - Blender Pitcher Rinser","Each","1","Retail Equipment","18.110000610351562","blender, pitcher, frappuccino"
"11047128","11047128","Cleaning Brush - Counter Brush For Coffee Grounds","Each","1","Supplies","7.150000095367432","NULL"
"11047830","11047830","Sign - Wet Floor English/Spanish","Each","1","Supplies","8.010000228881836","NULL"
"11047912","11047912","Magnetic Peg Bad - Starbucks Reserve","Each","1","Supplies","27.739999771118164","NULL"
"11047946","11047946","Table Runner - Starbucks Reserve","Each","1","Supplies","16.809999465942383","NULL"
"11048267","11048267","Brewer - Toddy (Complete Unit)","Each","1","Retail Equipment","44.84000015258789","cold, brew, toddy, nitro"
"11048268","11048268","Spigot - Toddy Brewer (Replacement Part)","Each","1","Supplies","5.869999885559082","cold, brew, nitro"
"11048319","11048319","Filter - Toddy Brewer/Cold Brew (50 Filters Per 1 Pack)","Each","1","Supplies","47.9900016784668","cold, brew, nitro"
"11048903","11048903","Bag - Tip Drop Tamper Resistant","Case","400","Supplies","13.199999809265137","money, cash, safe, tips"
"11048904","11048904","Bag - Security Deposit For Non-Courier Stores","Case","250","Supplies","20","money, cash, safe, tips"
"11048905","11048905","Bag - Single Pocket DTS Deposit Bag For Courier Stores","Case","250","Supplies","22.5","money, cash, safe, tips"
"11049025","11049025","Label - Marshmallow Whip Cream Canister 250/Roll","Each","1","Supplies","6.739999771118164","smores, heavy, whipped"
"11049473","11049473","Chalk Pen - Clown Nose, Red; Each","Each","1","Supplies","2.990000009536743","sign, chalk"
"11049477","11049477","Chalk Pen - Door Knob; Each","Each","1","Supplies","2.990000009536743","sign, chalk"
"11049480","11049480","Chalk Pen - Sheet Metal; Each","Each","1","Supplies","2.990000009536743","sign, chalk"
"11049481","11049481","Chalk Pen - Grape Jelly; Each","Each","1","Supplies","2.990000009536743","sign, chalk"
"11049482","11049482","Chalk Pen - Eco Green; Each","Each","1","Supplies","2.990000009536743","sign, chalk"
"11049483","11049483","Chalk Pen - Astro Green; Each","Each","1","Supplies","2.990000009536743","sign, chalk"
"11049484","11049484","Chalk Pen - Electric Blue; Each","Each","1","Supplies","2.990000009536743","sign, chalk"
"11049485","11049485","Chalk Pen - Popcorn; Each","Each","1","Supplies","2.990000009536743","sign, chalk"
"11049486","11049486","Chalk Pen - Dijon Mustard; Each","Each","1","Supplies","2.990000009536743","sign, chalk"
"11049487","11049487","Chalk Pen - Cayenne; Each","Each","1","Supplies","2.990000009536743","sign, chalk"
"11049488","11049488","Chalk Pen - Green Tea; Each","Each","1","Supplies","2.9800000190734863","sign, chalk"
"11050156","11050156","Apron - Patriotic/Veteran 1 Each","Inner Pack","2","Marketing Supplies","20.020000457763672","apron, veteran, patriot, military"
"11050882","11050882","Chalkable Syrup Shroud","Each","1","Retail Equipment","39.09000015258789","sign"
"11050949","11050949","Chalkable Panel - Replacement Promo POS Fixture","Each","1","Retail Equipment","NULL","sign"
"11051008","11051008","Feature Cube Shelf WD0001","Each","1","Retail Equipment","NULL","display, merchandise"
"11051009","11051009","Feature Cube Shelf WD0064","Each","1","Retail Equipment","NULL","display, merchandise"
"11051359","11051359","Lid - Cold Brew Pitcher, Orange","Each","1","Supplies","1.940000057220459","cold, brew, nitro, toddy"
"11051749","11051749","2 Tier Stand With White Trays","Each","1","Supplies","56.2400016784668","NULL"
"11051750","11051750","Trays - White Trays for 2 Tier Stand (Set of 2)","Each","1","Supplies","21.90999984741211","NULL"
"11052096","11052096","Risers - 3 Tier Pedestal Stand for Feature Cube","Each","1","Retail Equipment","92.19999694824219","display, merchandise"
"11052291","11052291","Holder - Bag & Tong/ RTD&E Smallware Bin","Each","1","Retail Equipment","NULL","NULL"
"11052454","11052454","Seat Cushion - Outdoor Café Chair, Grey ","Each","1","Retail Equipment","NULL","customer, chair, lobby"
"11052627","11052627","Refill Kit - Aroguard Odor Neutralizer System","Each","1","Supplies","23.68000030517578","bathroom, restroom"
"11052628","11052628","Starter Kit - Arogaurd Odor Neutralizer System","Each","1","Supplies","23.450000762939453","bathroom, restroom"
"11053226","11053226","Label - DayDots Monday 1500 Labels Per Each","Each","1","Supplies","6.400000095367432","sticker, time, stamp"
"11053227","11053227","Label - Daydots Friday 1500 Labels/Each","Each","1","Supplies","6.400000095367432","sticker, time, stamp"
"11053228","11053228","Label - Daydots Thursday 1500 Labels/Each","Each","1","Supplies","6.389999866485596","sticker, time, stamp"
"11053229","11053229","Label - Daydots Wednesday 1500 Labels/Each","Each","1","Supplies","6.400000095367432","sticker, time, stamp"
"11053230","11053230","Label - Daydots Tuesday 1500 Labels/Each","Each","1","Supplies","6.400000095367432","sticker, time, stamp"
"11053231","11053231","Label - Daydots Sunday 1500 Labels/Each","Each","1","Supplies","6.389999866485596","sticker, time, stamp"
"11053232","11053232","Label - Daydots Saturday 1500 Labels/Each","Each","1","Supplies","6.400000095367432","sticker, time, stamp"
"11053322","11053322","Cold Brew Coffee 3 LBS WB","Each","1","Roasted Coffee","9.899999618530273","toddy"
"11053628","11053628","Packaged Food Fixture - Bottom","Each","1","Paper/Packaging","NULL","food, packaged"
"11053629","11053629","Bin - Snack (Packaged Food) Fixture 1 Each","Each","1","Paper/Packaging","21.190000534057617","bin, snack"
"11053632","11053632","Packaged Food Fixture - Top","Each","1","Paper/Packaging","NULL","packaged, food"
"11054107","11054107","Cup Label - Liner Free Epson 12 Rolls/Case (New Mop Label)","Case","12","Paper/Packaging","NULL","cup, label"
"11055014","11055014","Label - Refreshers Strawberries","Each","1","Paper/Packaging","NULL","label, strawberry"
"11055840","11055840","Teavana Tea Sniffer Tin Holiday 16","Inner Pack","5","Paper/Packaging","15.960000038146973","tea, teavana"
"11055979","11055979","Pan - 1/2 Sheet Pan, Plain","Each","1","Retail Equipment","3.390000104904175","NULL"
"11056049","11056049","Pitcher - Latte Macchiatto 5 OZ Stainless Steel","Inner Pack","4","Retail Equipment","12.680000305175781","NULL"
"11056468","11056468","Cutter - Pacific Handy Cutter (PHC) Safety Utility Knife","Inner Pack","6","Supplies","17.610000610351562","NULL"
"11056469","11056469","Test Strip - Quat 44","Each","1","Supplies","NULL","NULL"
"11056470","11056470","Chlorine Test Strips With RSL Flag","Each","1","Supplies","NULL","NULL"
"11056548","11056548","Box - Core Pastry Box W/ BellyBand 25/Case","Case","1","Paper/Packaging","13.520000457763672","box, pastry,"
"11057395","11057395","Cart - Zephyr Pastry Cart, Straight Handle","Each","1","Retail Equipment","NULL","NULL"
"11058642","11058642","Knob - SS Pump, Grey Engraved W/ LTO","Each","1","Supplies","3.009999990463257","NULL"
"11058647","11058647","Gauging Collar For SS Pump - Smoked Butterscotch Sauce","Each","1","Retail Equipment","3.1500000953674316","NULL"
"11059806","11059806","Pitcher - Clear, 2 Liter","Each","1","Retail Equipment","9.010000228881836","NULL"
"11060117","11060117","Lid - Ice Tea Pitcher, White","Each","1","Paper/Packaging","1.940000057220459","tea, white, pitcher, lid"
"11061094","11061094","Bin - Partner-Facing 23 Gallon Slim Jim (Waste/Garbage/Container)","Each","1","Supplies","NULL","NULL"
"11062068","11062068","Brochure - Starbucks Rewards 50/Pack","Inner Pack","50","Supplies","1.75","NULL"
"11062108","11062108","Ladder - Step Stool","Each","1","Supplies","NULL","NULL"
"11062338","11062338","Label - Vanilla Sweet Cream","Each","1","Supplies","1.4500000476837158","cold, brew, nitro, toddy"
"11063043","11063043","Green Apron Card Delivering Our Very Best In All We Do 50/ Pack English","Inner Pack","50","Supplies","NULL","partner, recognition"
"11063056","11063056","Green Apron Card Being Present & Connecting 50/Pack English","Inner Pack","50","Supplies","NULL","partner, recognition"
"11063057","11063057","Green Apron Card Pack Acting W/ Courage 50/Pack English","Inner Pack","50","Supplies","NULL","partner, recognition"
"11063058","11063058","Green Apron Card Creating A Culture Of Warm 7 Belong 50/Pack English","Inner Pack","50","Supplies","NULL","partner, recognition"
"11063059","11063059","Kit - Green Apron Cards 5/Inner Pack English","Inner Pack","5","Supplies","NULL","partner, recognition"
"11064521","11064521","Liner - Trash Liner 40 X $8 250/CS","Case","1","Supplies","18.969999313354492","trash, garbage, recycle"
"11065463","11065463","Pin - Passport Award Each","Inner Pack","5","Supplies","1.0099999904632568","partner, recognition"
"11066487","11066487","Filter - Zephyr/Mini-Zephyr","Each","1","Retail Equipment","NULL","NULL"
"11066540","11066540","Label - Day Dots","Each","1","Paper/Packaging","NULL","label, day, dots"
"11066545","11066545","Card Rack - Clean Safe And Ready (See Picture)","Each","1","Supplies","15.020000457763672","clean, safe, ready, display"
"11066641","11066641","Cover - Full Size Thaw Rack, Black","Each","1","Paper/Packaging","NULL","cover, full, size, thaw, rack"
"11066642","11066642","Cover - Half Size Thaw Rack","Each ","1","Marketing Supplies","NULL","cover, thaw, rack, "
"11066654","11066654","Bag - Food Donation Bags 500/Case","Case","1","Paper/Packaging","NULL","bag, donation"
"11066678","11066678","Collar - White Mocha (New Dose)","Each","1","Retail Equipment","3.2100000381469727","pump, metal"
"11067005","11067005","Strips - #M Commando Strips Set of 4 (See Picture - Enough for 2 Packs)","Each","1","Supplies","3.1700000762939453","NULL"
"11067199","11067199","Green Apron Card - Making Every Moment Right 50/Pack English","Inner Pack","50","Supplies","NULL","partner, recognition"
"11067218","11067218","Keg - Nitro","Each","1","Supplies","NULL","cold, brew, nitro, toddy"
"11067219","11067219","Tap Nozzle Drain Hose, Nitro","Each","1","Supplies","NULL","cold, brew, nitro, toddy"
"11067221","11067221","Tap Handle - Nitro","Each","1","Supplies","NULL","cold, brew, nitro, toddy"
"11067222","11067222","Mesh In Line Strainer, Nitro","Each","1","Supplies","NULL","cold, brew, nitro, toddy"
"11067223","11067223","Lid - Keg, Nitro","Each","1","Supplies","NULL","cold, brew, nitro, toddy"
"11067224","11067224","Tap Nozzle, Nitro","Each","1","Supplies","NULL","cold, brew, nitro, toddy"
"11067225","11067225","Tap Nozzle Still, Nitro","Each","1","Supplies","NULL","cold, brew, nitro, toddy"
"11067274","11067274","Bucket - 5 Gal","Each","1","Supplies","NULL","NULL"
"11067371","11067371","Pump - White Chocolate","Each","1","Retail Equipment","NULL","pump, metal"
"11067406","11067406","Bin - Hol17 Wallbay Bins, Small","Each","1","Paper/Packaging","27.600000381469727","bin"
"11067769","11067769","Kit - Labeler & PED Cleaning Kit EA","Each","1","Supplies","23.559999465942383","NULL"
"11067947","11067947","Bag - Cello 4XX2X9 100/CS","Inner Pack","100","Supplies","NULL","NULL"
"11068295","11068295","Clean Safe and Ready Complete Card Set - English","Each","1","Paper/Packaging","NULL","clean, safe, ready, card, set"
"11068707","11068707","Snack Fixture Sign Bin Insert (Case Of 9 Bins)","Each","1","Supplies","NULL","impulse, food, items"
"11069039","11069039","Snack Fixture Sign Bin Insert - Single","Each","1","Supplies","NULL","impulse, food, items"
"11069306","11069306","Kit - White Chocolate Mocha Pump Kit","Each","1","Retail Equipment","NULL","pump, metal"
"11069398","11069398","Sanitizer - Urnex Complete Café, Nitro","Each","1","Supplies","NULL","cold, brew, nitro, toddy"
"11069643","11069643","Label - Coconut/Almond 50 Each","Each","1","Paper/Packaging","NULL","label, dairy, coconut, almond"
"11070508","11070508","Smallware.Dispenser.Stainless Pump Soap","Each","1","Retail Equipment","NULL","NULL"
"11070511","11070511","Smallware.Cutting Board.Handle 18X12","Each","1","Retail Equipment","NULL","NULL"
"11070512","11070512","Smallware.Dispenser.Sugar 6/IP","Inner Pack","6","Retail Equipment","NULL","NULL"
"11070513","11070513","Smallware.Shaker.Condiments","Inner Pack","12","Retail Equipment","NULL","NULL"
"11070522","11070522","Smallware.Scoop.8"" Handle SS 1 TSP","Each","1","Retail Equipment","NULL","NULL"
"11070523","11070523","Circular Liner For Trash Cut Out - Older Style Condiment Bar","Each","1","Retail Equipment","NULL","NULL"
"11071128","11071128","Plumbed Tap Drip Tray","Each","1","Supplies","NULL","cold, brew, nitro, toddy"
"11071350","11071350","Partner Guide Only-Order Full Kit 11078720 (Has Guide) For New Partners","Each","1","Supplies","NULL","partner, guide"
"11071829","11071829","Box - Cake Pop 6-Pack Box 20/CS","Case","1","Paper/Packaging","9.579999923706055","cake, pop, box"
"11072188","11072188","Knob - Lightly Sweet Chai, Red","Each","1","Retail Equipment","3.069999933242798","pump, metal"
"11072189","11072189","Collar - Lightly Sweet Chai","Each","1","Retail Equipment","3.2100000381469727","pump, metal"
"11072638","11072638","Blender Pitcher - Dairy W/Blade/Lid","Each","1","Retail Equipment","74.19999694824219","blender, pitcher, frappuccino"
"11072639","11072639","Blender Pitcher Vitamix Non Dairy W/Blade/Lid","Each","1","Retail Equipment","74.19999694824219","blender, pitcher, frappuccino"
"11072640","11072640","Blender Pitcher Vitamix - Soy W/Blade/Lid","Each","1","Retail Equipment","NULL","blender, pitcher, frappuccino"
"11072641","11072641","Blender Pitcher Vitamix Dairy No Lid/No Blade","Each","1","Retail Equipment","15.390000343322754","blender, pitcher, frappuccino"
"11072642","11072642","Blender Pitcher Vitamix Non Dairy No Lid/No Blade","Each","1","Retail Equipment","NULL","blender, pitcher, frappuccino"
"11072643","11072643","Blender Pitcher Vitamix Soy No Lid/No Blade","Each","1","Retail Equipment","15.390000343322754","blender, pitcher, frappuccino"
"11072757","11072757","Sign - A-Frame Topper Sign","Each","1","Supplies","NULL","drive, thru, signage"
"11073595","11073595","Riser - Infusions Tea Riser","Each","1","Retail Equipment","76.69999694824219","NULL"
"11073596","11073596","Shaker - Infusions Tea Shaker 32 OZ","Each","1","Supplies","5.739999771118164","tea, teavana, tazo"
"11073597","11073597","Pitcher - Tea Infusion 1 LTR","Each","1","Supplies","10.010000228881836","tea, teavana, tazo"
"11073935","11073935","Label - Almond Beverage 50 Each English","Each","1","Supplies","NULL","sticker, time, stamp"
"11074055","11074055","Filter - #4 Paper Cone Filter (Pour Over) 100 Each","Each","1","Paper/Packaging","1.25","filter, paper, cone"
"11074251","11074251","Shaker - Mint Crystals","Each","1","Retail Equipment","2.9100000858306885","topping"
"11074348","11074348","Beverage Recipe Cards","Each","1","Supplies","NULL","partner, new, guide, drink"
"11075244","11075244","Rinser - Blender Pitcher Rinser (Spray Park), Shuttle Head Assembly","Each","1","Retail Equipment","NULL","blender, pitcher, frappuccino"
"11075245","11075245","Rinser - Blender Pitcher (Spray Park), Shuttle Body Assembly","Each","1","Retail Equipment","NULL","blender, pitcher, frappuccino"
"11075246","11075246","Rinser - Blender Pitcher (Spray Park), Nozzle Assembly","Each","1","Retail Equipment","NULL","blender, pitcher, frappuccino"
"11075413","11075413","Card - Food Cards U.S.","Each","1","Supplies","NULL","partner, new, guid, food"
"11076052","11076052","Label - Mint Sugar & Dark Mocha Powder DID Labels ","Each","1","Paper/Packaging","0.1899999976158142","label, mint, sugar, topping, dark, mocha, chocolate"
"11076276","11076276","Label - Cinnamon Dolce Topping, English","Each","1","Supplies","NULL","sticker, condiment, bar, topping"
"11078103","11078103","Garbage/Trash/Waste Container - 65 Gal Rolling","Each","1","Supplies","NULL","garbage, trash, can, recycle"
"11078720","11078720","Kit - New Partner Kit FY17 U.S. (Includes Partner Guide 11071350)","Each","1","Paper/Packaging","NULL","partner, kit, guide"
"11079353","11079353","Lid W/ Knob - Pineapple Infusion Tea, Yellow Knob","Each","1","Supplies","NULL","infusion, tea, teavana, tazo"
"11079354","11079354","Lid W/ Knob - Strawberry Infusion Tea, Pink Knob","Each","1","Supplies","NULL","infusion, tea, teavana, tazo"
"11079355","11079355","Lid W/ Knob - Peach Citrus Infusion Tea, Orange Knob","Each","1","Supplies","NULL","infusion, tea, teavana, tazo"
"11080183","11080183","Chalk Pen - Candy Corn","Each","1","Retail Equipment","2.9800000190734863","sign, chalk"
"11081420","11081420","Cards - Starbucks Experience Recognition U.S.","Inner Pack","50","Marketing Supplies","NULL","card, starbucks, experience, partner"
"11081622","11081622","Book - Our North Star, Partner Edition","Each","1","Supplies","NULL","partner, guide"
"11081623","11081623","Book - Our North Star Book, Leader Edition","Each","1","Supplies","NULL","partner, guide"
"11081624","11081624","Cards - Our North Star Superpower Activity","Each","1","Supplies","NULL","partner, guide"
"11083993","11083993","Guide - Field Guide 2017 Compant Operated","Each","1","Supplies","NULL","partner, guide"
"11084965","11084965","Smallware.Pump.Pumpkin Spice","Inner Pack","2","Supplies","2.069999933242798","NULL"
"11087101","11087101","Sinitizing Wipe - No Rinse Sanitizing Wipes","Case","12","Supplies","NULL","NULL"
"11668864","11668864","Brush Detail","Each","1","Supplies","1.0399999618530273","NULL"
"11668865","11668865","Brush - Toilet Bowl with Holder","Each","1","Supplies","4.070000171661377","NULL"
"11668866","11668866","Brush - Grout 12/CS","Each","1","Supplies","4.659999847412109","NULL"
